{"cameraMode":{"drawMode":0,"name":"Shaded","section":"Shading Mode"},"sceneLighting":true,"audioPlay":false,"sceneViewState":{"showFog":true,"showMaterialUpdate":false,"showSkybox":true,"showFlares":true,"showImageEffects":true,"showParticleSystems":true},"in2DMode":false,"pivot":{"x":0.3702852129936218,"y":0.36506566405296328,"z":0.0965200662612915},"rotation":{"x":-0.002976698335260153,"y":0.12566757202148438,"z":0.00037654730840586126,"w":0.9920758008956909},"size":0.3073950409889221,"orthographic":false}